dataset,mse,mae
ECL,0.000000,0.000000
Traffic,0.000000,0.000000
Weather,0.000000,0.000000
ETTh1,0.000000,0.000000
ETTh2,0.000000,0.000000
ETTm1,0.000000,0.000000
ETTm2,0.000000,0.000000